equity,ret
10000.0,0.0
9999.250128278693,-7.498717213072492e-05
10025.668868541738,0.0026420721478235265
10025.668868541738,0.0
10024.917065207257,-7.498784812642878e-05
10052.100799957258,0.002711616921435178
10078.469533317257,0.0026232062217392826
10072.389364217257,-0.0006032829766364767
10056.169679077257,-0.0016103115709189542
10081.992354697257,0.0025678440642988853
10069.940274827257,-0.0011954065670745084
10081.172587217257,0.0011154298916826733
10076.090573537256,-0.0005041093817246267
10123.729004827257,0.0047278685063743
10124.505196627257,7.667054300153353e-05
10117.601174827256,-0.0006819120209746732
10130.760349317257,0.0013006219816948938
10130.942822477256,1.8011793163408285e-05
10116.354501857257,-0.0014399766019439486
10112.313538407258,-0.0003994485809346582
10118.691928567257,0.0006307547858137585
10115.037699277256,-0.00036113652987934675
10096.120407197257,-0.0018702146885078985
10098.468046957256,0.00023252889875657878
10091.766924417258,-0.0006635781297558152
10110.451358957256,0.0018514532370730308
10130.371572547258,0.001970259574252564
10162.143690227256,0.0031363230314374047
10157.195127067256,-0.00048696055781605185
10171.607783227257,0.0014189602522838296
10160.692075387256,-0.0010731546155368088
10162.851795027256,0.00021255635186823163
10159.236375327257,-0.00035574854114950316
10156.562598837256,-0.00026318675845504735
10150.079354697256,-0.0006383305450942123
10178.336821437257,0.002783965105348951
10189.228017957257,0.001070036953096487
10192.069288467257,0.0002788504197759334
10197.606123307256,0.0005432493327202081
10215.084056207257,0.001713925080912393
10194.663403167257,-0.00199906852725229
10219.940701917256,0.0024794637890788174
10226.979535977256,0.000688735313178368
10220.386671767257,-0.0006446540923257249
10228.198293277257,0.0007643176095850635
10198.264524597256,-0.0029265925260439918
10199.119016447257,8.3787966858484e-05
10184.734275957257,-0.0014103904922380117
10215.966463727256,0.0030665687413886644
10177.094233687256,-0.003805046754804864
10177.273302497257,1.7595278759330313e-05
10182.763157307256,0.0005394229521822336
10180.979958777256,-0.00017511931707070438
10200.421520757256,0.0019095963314650355
10181.338777267256,-0.0018707798938669695
10158.169452037257,-0.0022756658762530524
10122.043170707257,-0.0035563771111097875
10124.627753227256,0.00025534197754462085
10115.756017127256,-0.0008762530649260025
10104.228888027257,-0.0011395222542419647
10104.791967517256,5.572711151335952e-05
10130.893799837257,0.002583114269339548
10120.328740047256,-0.001042855645191909
10119.702339647256,-6.189526210953478e-05
10140.387851117257,0.0020440829953030093
10145.644167517257,0.0005183545715581328
10128.947873377256,-0.0016456613167508127
10070.845831927256,-0.005736236594001465
10063.802912647257,-0.0006993374139111497
10061.398760677257,-0.00023889100282148412
10063.309430821228,0.00018990104551241949
10063.309430821228,0.0
10063.309430821228,0.0
10063.309430821228,0.0
10063.309430821228,0.0
10063.309430821228,0.0
10063.309430821228,0.0
10063.309430821228,0.0
10063.309430821228,0.0
10063.309430821228,0.0
10063.309430821228,0.0
10063.309430821228,0.0
10063.309430821228,0.0
10063.309430821228,0.0
10063.309430821228,0.0
10063.309430821228,0.0
10063.309430821228,0.0
10063.309430821228,0.0
10063.309430821228,0.0
10063.309430821228,0.0
10063.309430821228,0.0
10063.309430821228,0.0
10063.309430821228,0.0
10063.309430821228,0.0
10063.309430821228,0.0
10063.309430821228,0.0
10063.309430821228,0.0
10063.309430821228,0.0
10063.309430821228,0.0
10063.309430821228,0.0
10063.309430821228,0.0
10063.309430821228,0.0
10063.309430821228,0.0
10063.309430821228,0.0
10063.309430821228,0.0
10063.309430821228,0.0
10063.309430821228,0.0
10063.309430821228,0.0
10063.309430821228,0.0
10063.309430821228,0.0
10063.309430821228,0.0
10063.309430821228,0.0
10063.309430821228,0.0
10063.309430821228,0.0
10063.309430821228,0.0
10063.309430821228,0.0
10063.309430821228,0.0
10063.309430821228,0.0
10063.309430821228,0.0
10063.309430821228,0.0
10063.309430821228,0.0
10063.309430821228,0.0
10063.309430821228,0.0
10062.554812290977,-7.49871138752134e-05
10061.299535490976,-0.00012474732544731637
10069.773784770976,0.0008422619016665855
10076.620697730978,0.0006799470481011483
10124.314430850976,0.004733107908957868
10113.775194690978,-0.0010409826988267978
10099.039262850976,-0.0014570159565873153
10052.863736130977,-0.0045722692543491705
10043.746016130977,-0.0009069773787174773
10057.840739010977,0.001403333264039297
10086.032446530977,0.0028029582344304416
10113.321146370976,0.002705593104589399
10086.431081730976,-0.0026588757788680306
10090.097960130977,0.0003635456754018662
10106.991611010977,0.0016742801652422923
10110.038767170976,0.0003014899267037574
10112.390997570976,0.0002326628467179681
10097.457727170977,-0.0014767299250578736
10072.421174850977,-0.0024794906793845772
10078.151909250977,0.0005689530154189271
10078.669286850976,5.133655502098655e-05
10052.726334210976,-0.002574045432153005
10062.904819650976,0.0010125099501974155
10059.559111170976,-0.0003324793923784597
10080.078363330977,0.002039776488535594
10101.102553410976,0.0020857169282018084
10092.687675330977,-0.000833065305050007
10107.991308930976,0.0015163090439629379
10093.886408130977,-0.0013954207486839287
10136.435768130978,0.0042153595037215386
10097.831483010978,-0.0038084673945620873
10106.211303810976,0.0008298634032561925
10113.156037890976,0.0006871748344883244
10103.662300290976,-0.0009387512231028294
10106.214696450977,0.00025262088974686847
10110.777231810976,0.0004514583844732467
10112.757402690977,0.000195847543131622
10112.215711170977,-5.356516511079157e-05
10118.580869250976,0.0006294523635377303
10084.394366850976,-0.003378586665634953
10094.839739970976,0.001035795779103399
10095.303966210977,4.5986489331184544e-05
10087.883131650977,-0.0007350778723292928
10092.628304130976,0.00047038337162241817
10098.258390210976,0.0005578414175517743
10094.840305410977,-0.00033848260441748934
10090.383507330976,-0.00044149267795856595
10086.081074370977,-0.00042638943870398904
10088.835898050977,0.00027313122507011123
10085.202380610977,-0.0003601522987107808
10107.311084610978,0.002192192398885684
10103.873209410976,-0.00034013746793992716
10085.304159810976,-0.0018378149859110682
10082.646591810977,-0.00026350895896520843
10077.711431490976,-0.0004894707232929729
10069.217957250976,-0.0008427979207124014
10075.118323650977,0.0005859806019743452
10079.427541890976,0.0004277089460957839
10076.373600450977,-0.000302987588065573
10081.657637250977,0.0005243986586367377
10073.432747010977,-0.0008158271720724031
10071.833682690976,-0.00015874075502952945
10076.198879490976,0.0004334063624880091
10072.464148290977,-0.00037064881754167445
10088.001874050977,0.0015425942978051221
10083.093289410977,-0.0004865764996163646
10093.196005890977,0.001001946147876076
10081.681951170976,-0.0011407739147520912
10084.843326210976,0.0003135761527996994
10081.772421570977,-0.00030450692595462847
10085.658125250977,0.0003854187059098013
10082.258134530977,-0.00033711143861669957
10083.006211650976,7.419737820812955e-05
10079.712523650976,-0.00032665734116021916
10076.100492930977,-0.0003583466008107994
10077.265299330977,0.00011560091136608719
10078.167741570976,8.955229550822175e-05
10080.356559810976,0.00021718414459126478
10077.630573570976,-0.0002704255770940023
10090.591589250977,0.0012861173651266267
10097.838268290976,0.0007181619606644318
10102.650728130977,0.00047658317672927275
10098.948792450976,-0.0003664321156519046
10108.143977730977,0.0009105091499101992
10121.212427010976,0.0012928633890445518
10183.321487490977,0.006136523754233902
10175.402842276722,-0.0007776092725719774
10175.402842276722,0.0
10174.639811719146,-7.498774932102048e-05
10185.445043619146,0.0010619768463502322
10206.781081559146,0.0020947575534135954
10173.345108079146,-0.0032758587857252275
10180.146654519147,0.0006685653900209143
10178.871192759147,-0.00012528913416332
10204.203585919146,0.0024887232267973847
10205.007621619146,7.879455689319137e-05
10197.300332399147,-0.0007552458073301072
10204.959516919145,0.0007510992390469262
10201.306766699146,-0.0003579387271397394
10210.984516059147,0.0009486774176414858
10188.039032299146,-0.0022471372592832717
10195.930493799146,0.0007745810037613765
10205.811199179147,0.0009690832421827
10204.919658739145,-8.735615646826567e-05
10209.128132779146,0.0004123965872084856
10211.812833179147,0.00026297058525304173
10228.769968999146,0.0016605411886225774
10213.370967319146,-0.001505459769519768
10204.647065439147,-0.0008541647912245764
10209.180818879146,0.0004442832183146894
10194.419089939147,-0.001445926877179149
10200.449128619146,0.0005915039029491531
10199.769706999146,-6.660702988980916e-05
10204.354313979145,0.0004494814208260145
10184.664373059146,-0.0019295626469012506
10191.216233199146,0.0006433064360304996
10185.212308499145,-0.0005891273978116951
10194.216133919146,0.0008840095961955008
10191.418272939147,-0.00027445572501549886
10202.657363419146,0.0011027994513621575
10199.832930319146,-0.0002768330837147337
10212.315412759146,0.0012237928332037296
10187.876850739147,-0.002393048102437789
10130.715181079146,-0.005610753888908082
10144.706776679146,0.0013811064026487685
10131.899014839146,-0.0012625068542585494
10135.999825979146,0.00040474259899303533
10141.371059339146,0.0005299164810790291
10130.064622279146,-0.0011148824940774293
10134.304707979147,0.000418564526298848
10139.695641359147,0.0005319490123241177
10142.033071639145,0.00023052272599421997
10144.462588059147,0.0002395492504154717
10139.510552799145,-0.00048815156219617073
10155.038749959145,0.0015314543122313395
10160.240471519146,0.0005122305968572327
10167.969293319145,0.0007606928026619997
10167.326981039147,-6.317016323220681e-05
10167.024608639145,-2.9739615984181178e-05
10173.771178279147,0.0006635736510629542
10166.423987099146,-0.0007221698867856396
10143.376796259146,-0.002266990917282774
10148.525831719146,0.0005076253759890292
10135.324527619146,-0.0013008100209725981
10157.996043659146,0.0022368811159640956
10155.721378559147,-0.00022392852785368955
10157.642359579146,0.00018915259176521815
10159.733768679145,0.00020589513057900355
10156.154320859147,-0.00035231708837035747
10162.768029899145,0.0006512021018050262
10159.840973439146,-0.0002880176396221623
10152.627100999147,-0.0007100379286307801
10150.394584779146,-0.00021989542192302203
10149.096216019147,-0.00012791313176596653
10154.803265999146,0.0005623210046024063
10160.556588119147,0.0005665616525791783
10151.735102419147,-0.0008682089040590313
10154.792270639145,0.00030114735945674376
10166.666343159146,0.001169307279119014
10172.396300139146,0.0005636023438355675
10183.509860259146,0.0010925213481751683
10186.982561459146,0.00034101220970517154
10194.277524679146,0.0007161063814518087
10189.343815019147,-0.0004839685449071762
10189.221491639146,-1.2005030178730003e-05
10193.217846859146,0.00039221399037003835
10184.705605659146,-0.0008350887156427511
10186.578481979146,0.00018389106101990293
10193.127135139146,0.000642870731481171
10204.504125759146,0.0011161433060888903
10211.766561039147,0.0007116891904299649
10251.669180619147,0.003907513880334834
10260.262054459146,0.0008381926580545151
10258.179808159146,-0.00020294279901900136
10266.823077399145,0.0008425733806229907
10263.025096799145,-0.00036992753954834257
10264.095311839146,0.00010427871216411866
10290.849771559146,0.0026066067107872737
10273.909128779145,-0.00164618502417746
10282.581718979147,0.000844137327992156
10287.364700579146,0.00046515376495093186
10297.943153179145,0.0010282956722049708
10296.591640179146,-0.00013124106240403055
10286.873116359146,-0.000943858332895009
10308.596282599146,0.0021117365786746944
10314.115953319146,0.0005354434850957102
10380.363455459146,0.006422993734007898
10379.900734059145,-4.4576608708046805e-05
10345.007875379146,-0.003361579226428102
10375.098510579146,0.0029087107097922615
10368.378054919147,-0.0006477486120393117
10366.948658119147,-0.00013786117678471488
10384.680050539146,0.001710377180860423
10412.517553219146,0.0026806317136900404
10413.838828979146,0.00012689301633783678
10402.373875479147,-0.0011009344093260154
10397.176277179145,-0.0004996550174237724
10431.837775159147,0.0033337414944172306
10475.169114499146,0.004153758932408103
10480.517440859147,0.0005105718391313907
10481.740674659146,0.00011671501974030996
10520.813144559146,0.003727669965587266
10523.018172379147,0.0002095872048768488
10509.760975199146,-0.001259828403109453
10507.633831179146,-0.00020239699313995274
10543.918977319147,0.0034532176056927266
10523.719584719147,-0.0019157386018850975
10451.808097759145,-0.006833276616798112
10451.352248459147,-4.3614396258995214e-05
10477.939487079146,0.002543904175071665
10499.249411039145,0.002033789561991517
10568.468867359146,0.0065928004574520305
10525.820156619146,-0.004035467320315567
10545.938458439146,0.0019113286680421115
10555.917205779146,0.0009462171033260969
10520.577202459146,-0.00334788561060817
10543.353174419146,0.002164897564239654
10553.053830779147,0.0009200731683292052
10544.234635779147,-0.0008357007498889235
10505.623054719146,-0.0036618666402757905
10515.572481099145,0.0009470572405059219
10502.439897999146,-0.0012488700090845795
10492.447864599146,-0.0009514011503082287
10527.823602839146,0.003371542913199077
10544.605271039147,0.0015940301465038331
10549.101915139147,0.0004264402492475394
10556.124743199147,0.0006657275772377069
10643.587792459146,0.008285526307023616
10710.551367419146,0.00629144760824385
10724.764244639146,0.0013269977177117198
10757.485519719146,0.003051001806063658
10740.713472459145,-0.001559104795377797
10707.003073119145,-0.003138562389401578
10756.989812239146,0.0046686022950246375
10730.507945819147,-0.0024618287162332386
10753.251847979147,0.0021195550364287996
10798.299379759146,0.004189200849830765
10879.890448639146,0.007555918391458638
10870.190250419146,-0.0008915713136811165
10906.738368919147,0.003362233563353856
10920.738669179145,0.001283637673009208
10989.026268739146,0.0062530202057415885
10991.229463999147,0.00020049048988712848
11009.924324839147,0.001700888958895197
11140.340289799145,0.011845309841573615
11177.986569879145,0.003379275596677278
11131.653039119146,-0.004145069460438577
11221.486046599146,0.008070050976643373
11350.673738219146,0.011512529720531406
11472.672755099145,0.010748174046198988
11525.383136519145,0.004594429087726892
11502.723990259146,-0.00196602108507804
11413.927295459145,-0.007719623184490598
11288.142667759146,-0.011020275882608788
11226.145788539146,-0.005492212584898737
11378.254682499146,0.01354952063024939
11459.488402179146,0.007139383143264011
11349.430346259145,-0.009604098547634332
11315.196292899147,-0.003016367545819798
11307.574217719146,-0.0006736140481083952
11344.347282959146,0.00325207374561165
11310.455002039145,-0.0029875919763944214
11291.063768399146,-0.001714452127390409
11079.490134999147,-0.018738148835200197
11175.472297559147,0.00866304869542689
11135.743771179146,-0.0035549751565021603
11144.077337779147,0.0007483619209673886
11143.816197979146,-2.3433057047772543e-05
11153.600693959146,0.0008780202227109957
11057.317075279147,-0.008632514406952674
11194.699975219146,0.012424614307854798
11235.352569979146,0.0036314144059232945
11235.841863499147,4.354945845741476e-05
11182.244064899147,-0.004770252131628738
11202.099394359146,0.0017756122424767984
11290.972598539145,0.007933620391259222
11389.593189359146,0.008734463746086885
11358.338420419146,-0.002744151474101786
11420.351334539146,0.005459681849989462
11461.432748339146,0.003597211031131309
11443.508020839146,-0.0015639168238017476
11790.740573359146,0.03034319125635898
11792.827401059145,0.00017698868760751552
11718.936749299146,-0.006265728247100699
11863.797410319146,0.012361246085628386
11832.556385579146,-0.00263330733486955
11826.421432839146,-0.0005184807526019686
11891.665150239147,0.00551677595547484
11861.121414579145,-0.0025684994720346355
11917.122157479145,0.00472137000732209
12053.934673119145,0.011480331730436832
12027.953095579145,-0.002155443699055404
12227.399763179146,0.016581929278831842
12224.430557839147,-0.0002428321145547807
12296.238505159146,0.005874134339447945
12144.094792559146,-0.012373191406149564
11906.014553179146,-0.019604609766870063
11941.987705979147,0.003021426913206282
11822.758145399146,-0.009984063249395603
11786.250801359147,-0.003087887241794429
11778.442263199146,-0.0006625124725074816
11733.967406419146,-0.003775954051153052
11937.902471599145,0.017379890203925052
11885.382218279146,-0.004399454045210027
11972.828316359146,0.007357449383959436
11882.332838439146,-0.007558404374374161
11899.633121119146,0.0014559668471862963
11905.611389979145,0.0005023910232484496
12001.342033679146,0.008040800305356477
12065.638317559145,0.005357424502990149
12180.600762179147,0.009528086421478177
12224.907023439146,0.003637444665091527
12312.941831419146,0.007201266055538058
12287.678159259147,-0.0020517982222195696
12469.407178639147,0.014789532816910755
12367.696433519146,-0.00815682282749075
12213.618911979145,-0.012458061399568066
12272.973239679146,0.004859683941979442
12365.161086759146,0.007511451812014958
12307.215081419146,-0.004686231334426361
12324.709157319146,0.0014214487830324085
12328.020135099147,0.0002686455102296481
12293.626649019146,-0.002789862906053986
12143.892294679146,-0.012179835829970176
12155.695813639146,0.0009719716441467519
12062.361700279147,-0.007678220547052028
12016.095516099147,-0.003835582560828832
12187.064659439146,0.014228344233027546
12223.328731139147,0.0029756198652737265
12221.518619999146,-0.00014808659570697547
12306.633701759147,0.00696436215551155
12357.537637159146,0.0041363005216221715
12357.261836879146,-2.231838478650161e-05
12356.340517339146,-7.455693277058639e-05
12366.858037319147,0.0008511840512361868
12279.899858339146,-0.007031549866392095
12332.589165319147,0.004290695167535885
12375.103641039146,0.0034473276576467704
12322.928825279147,-0.004216111418006596
12229.573637479145,-0.007575730503976752
12326.885780459146,0.007957116565517452
12329.864606739146,0.00024165278506282917
12404.385200999146,0.006043910183674672
12415.073607199145,0.0008616635187319588
12408.548319179146,-0.0005255939857026215
12578.747329179147,0.013716270882141224
12550.550186599146,-0.0022416494935542097
12559.733602899147,0.0007317142406877419
12476.114806379146,-0.006657688702943476
12415.267400419147,-0.004877111737452755
12238.578837319146,-0.01423155518132746
12214.898955139146,-0.0019348555493872155
12251.177229179146,0.00297000197653996
12130.348759999146,-0.0098626007051974
12034.291920619145,-0.007918720333644158
12008.369443139145,-0.0021540509114280626
11959.014020939147,-0.004110085256262441
11914.067279959147,-0.0037583985520296403
12140.141960639146,0.018975440994888793
12186.440672759147,0.0038136878687342612
12178.847002259146,-0.000623124561462407
12119.691049179146,-0.004857270402446767
12309.327564959145,0.015646976066509888
12314.188430359147,0.00039489284644922407
12258.196392119145,-0.004546953179793811
12285.280712639145,0.0022094865878810044
12103.427537319147,-0.014802525035745195
12297.500222719147,0.016034522849135646
12249.742334699145,-0.0038835443915480328
12291.940235679147,0.003444799068178739
12362.828237879146,0.0057670311473070335
12334.368122939146,-0.002302071531884553
12223.282917139146,-0.009006152945395418
12262.402575459146,0.0032004215712906348
11939.931573659145,-0.026297538334401516
11941.748098759146,0.00015213865245322644
11949.558469479147,0.0006540391453084826
11808.521903039145,-0.01180265921960455
11793.335020179145,-0.001286095159470535
11660.774043739146,-0.011240329916277214
11629.242100099145,-0.002704103820357462
11347.042062439146,-0.02426641695399845
11520.025661255448,0.015244818681769967
11520.025661255448,0.0
11520.025661255448,0.0
11520.025661255448,0.0
11520.025661255448,0.0
11520.025661255448,0.0
11520.025661255448,0.0
11520.025661255448,0.0
11520.025661255448,0.0
11520.025661255448,0.0
11520.025661255448,0.0
11520.025661255448,0.0
11520.025661255448,0.0
11520.025661255448,0.0
11520.025661255448,0.0
11520.025661255448,0.0
11520.025661255448,0.0
11520.025661255448,0.0
11520.025661255448,0.0
11520.025661255448,0.0
11520.025661255448,0.0
11520.025661255448,0.0
11520.025661255448,0.0
11520.025661255448,0.0
11520.025661255448,0.0
11520.025661255448,0.0
11520.025661255448,0.0
11520.025661255448,0.0
11520.025661255448,0.0
11520.025661255448,0.0
11520.025661255448,0.0
11520.025661255448,0.0
11520.025661255448,0.0
11520.025661255448,0.0
11520.025661255448,0.0
11520.025661255448,0.0
11520.025661255448,0.0
11520.025661255448,0.0
11520.025661255448,0.0
11520.025661255448,0.0
11520.025661255448,0.0
11520.025661255448,0.0
11520.025661255448,0.0
11520.025661255448,0.0
11520.025661255448,0.0
11520.025661255448,0.0
11520.025661255448,0.0
11520.025661255448,0.0
11520.025661255448,0.0
11520.025661255448,0.0
11520.025661255448,0.0
11520.025661255448,0.0
11520.025661255448,0.0
11520.025661255448,0.0
11520.025661255448,0.0
11520.025661255448,0.0
11520.025661255448,0.0
11520.025661255448,0.0
11520.025661255448,0.0
11520.025661255448,0.0
11520.025661255448,0.0
11520.025661255448,0.0
11520.025661255448,0.0
11520.025661255448,0.0
11520.025661255448,0.0
11520.025661255448,0.0
11520.025661255448,0.0
11520.025661255448,0.0
11520.025661255448,0.0
11520.025661255448,0.0
11520.025661255448,0.0
11520.025661255448,0.0
11520.025661255448,0.0
11520.025661255448,0.0
11520.025661255448,0.0
11519.161817659433,-7.498625623036936e-05
11542.006864499434,0.001983221279605374
11559.173535539434,0.0014873211601356129
11588.923945419434,0.0025737488747383797
11615.077020979434,0.0022567302782530163
11603.351555419433,-0.0010095039007337325
11640.404219459433,0.0031932725525922745
11630.332617579434,-0.0008652278469130081
11629.217736259434,-9.585979667636746e-05
11612.462120259434,-0.0014408205590439316
11663.708388259434,0.004413040703107551
11652.686296939433,-0.0009449903026635953
11651.259508019433,-0.00012244291862339995
11635.098625979434,-0.0013870502179508248
11616.936562859433,-0.0015609719954970958
11617.077297979433,1.21146499543201e-05
11648.047010419434,0.002665878141775657
11686.648966219433,0.003314028159868254
11679.105925419433,-0.0006454408634847253
11685.394555219433,0.0005384513027073545
11689.155980059433,0.00032189112847036405
11661.809970939434,-0.002339434016164099
11681.387974019433,0.0016788134199396954
11649.301421419434,-0.002746809939997097
11682.843241459434,0.0028792988374672923
11680.213122059433,-0.00022512665330187698
11678.291650699433,-0.0001645065325366346
11651.396476139433,-0.002303005898845689
11653.174198779434,0.00015257592887185645
11678.934903619433,0.0022106169873181702
11685.506359779434,0.0005626759815200444
11696.845029779433,0.0009703190987961907
11695.586851779433,-0.00010756558685665052
11723.330656099433,0.0023721600866721815
11736.997633459434,0.0011657930464401556
11649.600671899434,-0.007446279218021767
11637.313923339434,-0.0010546926805514723
11642.539957779434,0.00044907566079488426
11619.271500139434,-0.0019985722809955364
11624.135149179434,0.00041858467976596536
11636.966304579433,0.0011038374240603943
11620.624907899433,-0.0014042660477214808
11653.334371619434,0.002814776656095752
11668.551394139433,0.0013058084523052127
11662.771460019434,-0.0004953429028817791
11656.174086899433,-0.0005656779902287745
11671.132994579433,0.0012833462822774422
11655.296677259434,-0.0013568791759424048
11591.617350419434,-0.005463552632190338
11557.243626099433,-0.0029653950161456777
11599.573103739433,0.0036625928300419996
11619.487725939434,0.0017168409580161637
11588.527657019433,-0.00266449516968692
11586.419191779434,-0.00018194418673378454
11593.806429459433,0.0006375772840361282
11578.534258059433,-0.0013172698278965944
11561.645892979433,-0.0014585926597958654
11569.145839299434,0.0006486919240931144
11603.799527059433,0.002995354042671261
11668.855767739433,0.005606460239880207
11661.220661459434,-0.0006543149073028331
11669.735738939433,0.0007302046438535381
11685.179384179433,0.001323392884422292
11719.037933579433,0.002897563510735779
11776.944408259433,0.00494123109833744
11752.67843489484,-0.0020604642871180356
11752.67843489484,0.0
11752.67843489484,0.0
11752.67843489484,0.0
11751.797105420741,-7.498966971497545e-05
11736.728533020741,-0.0012822355819135378
11750.730648420742,0.0011930168922802409
11750.535855220742,-1.657711386882088e-05
11794.732040820742,0.003761205969203818
11786.588233820741,-0.0006904613832526829
11793.259441020742,0.0005659998523455112
11798.180473220742,0.00041727498870103297
11821.38753822074,0.001967003730166228
11838.974318620742,0.0014877086419118335
11800.053901420742,-0.0032874821882824534
11784.673516820741,-0.001303416469830676
11790.790493420742,0.0005190620335191465
11786.349596820743,-0.000376641125332311
11809.105040020742,0.0019306608049483032
11781.000346620742,-0.0023799173015021102
11761.425265220741,-0.0016615805809406803
11783.525504220741,0.00187904429111585
11800.672824620742,0.0014551944062801692
11796.640830220742,-0.00034167495870129905
11790.923864420742,-0.0004846265883889922
11786.951452620742,-0.00033690420239129715
11810.548206220741,0.0020019386433252073
11807.241934020742,-0.0002799423144691504
11791.896910620742,-0.0012996280999193477
11787.217274820741,-0.00039685182422055654
11792.66954262074,0.00046255767352709753
11811.095998220742,0.0015625347198449102
11854.553891020742,0.0036794123768484344
11848.644993620741,-0.0004984495793195487
11827.538343020742,-0.001781355641203075
11826.432845620742,-9.346808845067667e-05
11819.769099020741,-0.0005634620926688871
11822.403508420743,0.00022288162974515302
11834.045110420742,0.0009847068738355613
11814.500791220742,-0.0016515332684332584
11778.24155982074,-0.0030690447307722968
11781.164479820742,0.00024816268074956405
11745.872264820742,-0.0029956474218189033
11757.733801220742,0.0010098472154789206
11774.650660620742,0.0014387857121109793
11763.556952820742,-0.00094216874196551
11739.28608802074,-0.0020632250005114816
11752.511687820741,0.0011266102300289127
11748.393232220742,-0.0003504319510072573
11767.014787620741,0.0015850299723478845
11713.525045020742,-0.004545735988729427
11723.688835020741,0.0008676969538148338
11749.789182020742,0.0022262913462898215
11754.913183420742,0.0004360930498941151
11746.474631620742,-0.0007178744469079623
11748.861103820742,0.00020316497288264124
11741.668983220741,-0.0006121547047366338
11712.242639420741,-0.002506146599946857
11666.778151820741,-0.0038817918138902563
11669.270401020742,0.00021361931868146833
11679.956330820742,0.000915732469363828
11681.458977420742,0.00012865173100307103
11680.255470220742,-0.00010302713062859681
11650.355838220741,-0.0025598440099389164
11646.216227220742,-0.00035532056337872486
11668.448710056891,0.001908987640482307
11668.448710056891,0.0
11668.448710056891,0.0
11668.448710056891,0.0
11668.448710056891,0.0
11668.448710056891,0.0
11668.448710056891,0.0
11668.448710056891,0.0
11668.448710056891,0.0
11668.448710056891,0.0
11668.448710056891,0.0
11668.448710056891,0.0
11668.448710056891,0.0
11668.448710056891,0.0
11668.448710056891,0.0
11668.448710056891,0.0
11668.448710056891,0.0
11668.448710056891,0.0
11668.448710056891,0.0
11668.448710056891,0.0
11668.448710056891,0.0
11668.448710056891,0.0
11668.448710056891,0.0
11668.448710056891,0.0
11668.448710056891,0.0
11668.448710056891,0.0
11668.448710056891,0.0
11668.448710056891,0.0
11667.57370662276,-7.498884006562623e-05
11669.282063719078,0.0001464192247055962
11669.282063719078,0.0
11669.282063719078,0.0
11669.282063719078,0.0
11669.282063719078,0.0
11669.282063719078,0.0
11669.282063719078,0.0
11669.282063719078,0.0
11669.282063719078,0.0
11669.282063719078,0.0
11669.282063719078,0.0
11669.282063719078,0.0
11669.282063719078,0.0
11669.282063719078,0.0
11669.282063719078,0.0
11669.282063719078,0.0
11669.282063719078,0.0
11669.282063719078,0.0
11669.282063719078,0.0
11669.282063719078,0.0
11669.282063719078,0.0
11669.282063719078,0.0
11669.282063719078,0.0
11669.282063719078,0.0
11669.282063719078,0.0
11669.282063719078,0.0
11669.282063719078,0.0
11669.282063719078,0.0
11669.282063719078,0.0
11669.282063719078,0.0
11669.282063719078,0.0
11669.282063719078,0.0
11669.282063719078,0.0
11669.282063719078,0.0
11669.282063719078,0.0
11669.282063719078,0.0
11669.282063719078,0.0
11669.282063719078,0.0
11669.282063719078,0.0
11669.282063719078,0.0
11669.282063719078,0.0
11669.282063719078,0.0
11669.282063719078,0.0
11669.282063719078,0.0
11669.282063719078,0.0
11669.282063719078,0.0
11669.282063719078,0.0
11669.282063719078,0.0
11669.282063719078,0.0
11669.282063719078,0.0
11669.282063719078,0.0
11669.282063719078,0.0
11669.282063719078,0.0
11669.282063719078,0.0
11669.282063719078,0.0
11669.282063719078,0.0
11669.282063719078,0.0
11669.282063719078,0.0
11669.282063719078,0.0
11669.282063719078,0.0
11669.282063719078,0.0
11669.282063719078,0.0
11669.282063719078,0.0
11669.282063719078,0.0
11669.282063719078,0.0
11669.282063719078,0.0
11669.282063719078,0.0
11669.282063719078,0.0
11669.282063719078,0.0
11669.282063719078,0.0
11669.282063719078,0.0
11669.282063719078,0.0
11669.282063719078,0.0
11669.282063719078,0.0
11669.282063719078,0.0
11669.282063719078,0.0
11669.282063719078,0.0
11669.282063719078,0.0
11669.282063719078,0.0
11669.282063719078,0.0
11669.282063719078,0.0
11669.282063719078,0.0
11669.282063719078,0.0
11669.282063719078,0.0
11669.282063719078,0.0
11669.282063719078,0.0
11669.282063719078,0.0
11669.282063719078,0.0
11669.282063719078,0.0
11669.282063719078,0.0
11669.282063719078,0.0
11669.282063719078,0.0
11669.282063719078,0.0
11669.282063719078,0.0
11669.282063719078,0.0
11669.282063719078,0.0
11669.282063719078,0.0
11669.282063719078,0.0
11669.282063719078,0.0
11669.282063719078,0.0
11669.282063719078,0.0
11669.282063719078,0.0
11669.282063719078,0.0
11669.282063719078,0.0
11669.282063719078,0.0
11669.282063719078,0.0
11669.282063719078,0.0
11669.282063719078,0.0
11669.282063719078,0.0
11669.282063719078,0.0
11669.282063719078,0.0
11669.282063719078,0.0
11669.282063719078,0.0
11669.282063719078,0.0
11669.282063719078,0.0
11669.282063719078,0.0
11669.282063719078,0.0
11669.282063719078,0.0
11669.282063719078,0.0
11669.282063719078,0.0
11669.282063719078,0.0
11668.406996856022,-7.49889203361942e-05
11631.615217722341,-0.0031531107154210147
11631.615217722341,0.0
11631.615217722341,0.0
11631.615217722341,0.0
11631.615217722341,0.0
11631.615217722341,0.0
11631.615217722341,0.0
11631.615217722341,0.0
11631.615217722341,0.0
11631.615217722341,0.0
11631.615217722341,0.0
11631.615217722341,0.0
11631.615217722341,0.0
11631.615217722341,0.0
11631.615217722341,0.0
11631.615217722341,0.0
11631.615217722341,0.0
11631.615217722341,0.0
11631.615217722341,0.0
11631.615217722341,0.0
11631.615217722341,0.0
11631.615217722341,0.0
11631.615217722341,0.0
11631.615217722341,0.0
11631.615217722341,0.0
11631.615217722341,0.0
11631.615217722341,0.0
11631.615217722341,0.0
11631.615217722341,0.0
11631.615217722341,0.0
11631.615217722341,0.0
11631.615217722341,0.0
11631.615217722341,0.0
11631.615217722341,0.0
11630.74300709706,-7.498620002077683e-05
11642.48892038706,0.0010099022291898407
11584.377707057125,-0.004991305014529823
11584.377707057125,0.0
11584.377707057125,0.0
11584.377707057125,0.0
11584.377707057125,0.0
11584.377707057125,0.0
11584.377707057125,0.0
11584.377707057125,0.0
11584.377707057125,0.0
11584.377707057125,0.0
11584.377707057125,0.0
11584.377707057125,0.0
11584.377707057125,0.0
11584.377707057125,0.0
11584.377707057125,0.0
11584.377707057125,0.0
11584.377707057125,0.0
11584.377707057125,0.0
11584.377707057125,0.0
11584.377707057125,0.0
11584.377707057125,0.0
11584.377707057125,0.0
11584.377707057125,0.0
11584.377707057125,0.0
11584.377707057125,0.0
11584.377707057125,0.0
11584.377707057125,0.0
11584.377707057125,0.0
11584.377707057125,0.0
11584.377707057125,0.0
11584.377707057125,0.0
11584.377707057125,0.0
11584.377707057125,0.0
11584.377707057125,0.0
11584.377707057125,0.0
11584.377707057125,0.0
11584.377707057125,0.0
11584.377707057125,0.0
11584.377707057125,0.0
11584.377707057125,0.0
11584.377707057125,0.0
11584.377707057125,0.0
11584.377707057125,0.0
11584.377707057125,0.0
11584.377707057125,0.0
11584.377707057125,0.0
11584.377707057125,0.0
11584.377707057125,0.0
11584.377707057125,0.0
11584.377707057125,0.0
11584.377707057125,0.0
11584.377707057125,0.0
11584.377707057125,0.0
11584.377707057125,0.0
11584.377707057125,0.0
11584.377707057125,0.0
11584.377707057125,0.0
11584.377707057125,0.0
11584.377707057125,0.0
11584.377707057125,0.0
11584.377707057125,0.0
11584.377707057125,0.0
11584.377707057125,0.0
11584.377707057125,0.0
11584.377707057125,0.0
11584.377707057125,0.0
11584.377707057125,0.0
11584.377707057125,0.0
11584.377707057125,0.0
11584.377707057125,0.0
11584.377707057125,0.0
11584.377707057125,0.0
11584.377707057125,0.0
11584.377707057125,0.0
11583.509015917196,-7.498815749074073e-05
11569.979532187197,-0.0011679952690853979
11575.924063049786,0.000513789228930861
11575.924063049786,0.0
11575.924063049786,0.0
11575.924063049786,0.0
11575.924063049786,0.0
11575.924063049786,0.0
11575.924063049786,0.0
11575.924063049786,0.0
11575.924063049786,0.0
11575.924063049786,0.0
11575.924063049786,0.0
11575.924063049786,0.0
11575.924063049786,0.0
11575.924063049786,0.0
11575.924063049786,0.0
11575.924063049786,0.0
11575.924063049786,0.0
11575.924063049786,0.0
11575.924063049786,0.0
11575.924063049786,0.0
11575.924063049786,0.0
11575.924063049786,0.0
11575.924063049786,0.0
11575.924063049786,0.0
11575.924063049786,0.0
11575.924063049786,0.0
11575.924063049786,0.0
11575.924063049786,0.0
11575.924063049786,0.0
11575.924063049786,0.0
11575.924063049786,0.0
11575.924063049786,0.0
11575.924063049786,0.0
11575.924063049786,0.0
11575.924063049786,0.0
11575.924063049786,0.0
11575.924063049786,0.0
11575.924063049786,0.0
11575.924063049786,0.0
11575.924063049786,0.0
11575.924063049786,0.0
11575.924063049786,0.0
11575.924063049786,0.0
11575.924063049786,0.0
11575.924063049786,0.0
11575.924063049786,0.0
11575.924063049786,0.0
11575.924063049786,0.0
11575.924063049786,0.0
11575.924063049786,0.0
11575.924063049786,0.0
11575.924063049786,0.0
11575.924063049786,0.0
11575.924063049786,0.0
11575.924063049786,0.0
11575.924063049786,0.0
11575.924063049786,0.0
11575.924063049786,0.0
11575.924063049786,0.0
11575.924063049786,0.0
11575.924063049786,0.0
11575.924063049786,0.0
11575.924063049786,0.0
11575.924063049786,0.0
11575.924063049786,0.0
11575.924063049786,0.0
11575.924063049786,0.0
11575.924063049786,0.0
11575.924063049786,0.0
11575.924063049786,0.0
11575.924063049786,0.0
11575.056001895187,-7.498849766729432e-05
11557.608352775187,-0.0015073490026435987
11549.120849135188,-0.0007343650503576216
11533.270913495187,-0.001372393262400351
11542.789814975187,0.0008253427454705253
11552.029338455188,0.000800458435794571
11543.391765817465,-0.0007477104138724489
11543.391765817465,0.0
11543.391765817465,0.0
11543.391765817465,0.0
11543.391765817465,0.0
11543.391765817465,0.0
11543.391765817465,0.0
11543.391765817465,0.0
11543.391765817465,0.0
11543.391765817465,0.0
11543.391765817465,0.0
11543.391765817465,0.0
11543.391765817465,0.0
11543.391765817465,0.0
11543.391765817465,0.0
11543.391765817465,0.0
11543.391765817465,0.0
11543.391765817465,0.0
11543.391765817465,0.0
11543.391765817465,0.0
11543.391765817465,0.0
11543.391765817465,0.0
11543.391765817465,0.0
11543.391765817465,0.0
11543.391765817465,0.0
11543.391765817465,0.0
11543.391765817465,0.0
11543.391765817465,0.0
11543.391765817465,0.0
11543.391765817465,0.0
11543.391765817465,0.0
11543.391765817465,0.0
11543.391765817465,0.0
11543.391765817465,0.0
11543.391765817465,0.0
11543.391765817465,0.0
11543.391765817465,0.0
11543.391765817465,0.0
11543.391765817465,0.0
11543.391765817465,0.0
11543.391765817465,0.0
11543.391765817465,0.0
11543.391765817465,0.0
11543.391765817465,0.0
11543.391765817465,0.0
11543.391765817465,0.0
11543.391765817465,0.0
11543.391765817465,0.0
11543.391765817465,0.0
11543.391765817465,0.0
11543.391765817465,0.0
11543.391765817465,0.0
11543.391765817465,0.0
11543.391765817465,0.0
11543.391765817465,0.0
11543.391765817465,0.0
11543.391765817465,0.0
11543.391765817465,0.0
11543.391765817465,0.0
11543.391765817465,0.0
11542.526144983334,-7.498843075692818e-05
11551.209250983335,0.0007522708539651202
11549.804033383334,-0.00012165112495743369
11537.163155783335,-0.0010944668466635887
11548.056632583335,0.0009442075710388576
11592.159569383335,0.0038190786729916937
11595.375206983335,0.0002773976307652859
11593.283688183335,-0.00018037525846859026
11599.048562983335,0.0004972598752046586
11591.210964583335,-0.0006757104565465744
11603.042266583334,0.0010207131969341976
11601.624610983334,-0.0001221796462883562
11603.407667383335,0.00015369023389300018
11601.982548983335,-0.00012281895464261172
11621.875056983334,0.001714578341762918
11596.552670983334,-0.002178855466595686
11604.816478183335,0.000712608948060689
11621.608607383334,0.001446996532135314
11614.872186583334,-0.0005796461598026603
11613.295600983334,-0.00013573852339254788
11610.391742583335,-0.0002500460248126002
11599.503517383335,-0.0009377999848244611
11594.793937783335,-0.00040601561893938154
11608.004199383335,0.0011393269833759323
11600.335204983334,-0.0006606643371483978
11568.088998983334,-0.0027797650180098055
11563.358136583334,-0.0004089579878245875
11569.918766983334,0.000567363764272244
11567.734930583334,-0.0001887512301496086
11567.470415783335,-2.286660280392816e-05
11579.241462583335,0.0010175990408360924
11637.954626983334,0.005070553592799731
11615.667665783334,-0.0019150238950343956
11644.751855783335,0.0025038758715243414
11646.464982983334,0.00014711581845761046
11636.509331383335,-0.0008548217518831169
11652.276292983335,0.001354956297545007
11641.495587383335,-0.0009252016798204643
11634.034169383334,-0.0006409329406169562
11627.345012983335,-0.0005749644794411646
11606.479300583334,-0.0017945379944175333
11605.699299783335,-6.720391083281374e-05
11616.693938983335,0.0009473482739816852
11614.959252583334,-0.00014932702962755506
11605.270879783335,-0.0008341288668614055
11618.742615783334,0.0011608290870199767
11614.219329783335,-0.0003893094243997419
11583.511842583335,-0.0026439561995573735
11583.297079783335,-1.854038765780608e-05
11585.609718583335,0.00019965289537782205
11585.050284983334,-4.8286936431440886e-05
11579.189499383334,-0.000505892115772455
11565.576246583334,-0.001175665429840711
11528.449645783334,-0.003210095200484986
11522.602956583334,-0.0005071531194256185
11531.034262183335,0.0007317188339970304
11573.638005383335,0.0036947026807232497
11632.134472183334,0.00505428515846007
11647.528017383334,0.0013233637589740166
11636.893527383334,-0.0009130254921154712
11656.604164183334,0.0016938057183060184
11722.839278183335,0.00568219638130274
11709.360908583334,-0.0011497529975597054
11738.808011783334,0.0025148343645651217
11731.736041383334,-0.0006024436546625545
11742.473075783335,0.000915212749598826
11718.854695783335,-0.0020113633514483586
11747.723017383334,0.002463408101679665
11724.479435783334,-0.0019785605743006807
11724.713822983334,1.9991267099284116e-05
11738.674786983334,0.0011907296170106108
11715.370397383334,-0.0019852658006882518
11719.133859783335,0.0003212414351696502
11749.193188983334,0.002564978739866941
11740.346454183335,-0.0007529653021872695
11752.420435383334,0.001028417793897063
11752.071342183335,-2.970394072587812e-05
11744.308371783334,-0.0006605618851321937
11734.029884983334,-0.0008751887701360372
11744.131475783335,0.0008608799277840529
11744.256961383335,1.0684962124196673e-05
11740.492669783334,-0.0003205219038018292
11736.968846183334,-0.0003001427366902121
11737.854708183335,7.547621635617396e-05
11748.506611383335,0.0009074829655688621
11784.813962583336,0.0030903801139134934
11800.377493783335,0.0013206429265166797
11791.744139783335,-0.0007316167643406368
11805.170822583335,0.0011386511308959513
11807.743830183335,0.0002179559820580934
11802.994172583334,-0.00040224937704524955
11803.258410983335,2.2387404088997087e-05
11779.090547783335,-0.002047558594287069
11805.341361383335,0.0022285942614592713
11761.589728983334,-0.003706087868252328
11746.292370983334,-0.001300619929149871
11719.182782583335,-0.002307927262815923
11734.495618983334,0.0013066471173019956
11728.242068983334,-0.000532920221119948
11726.039990183335,-0.0001877586416657584
11747.871720583335,0.0018618161304477798
11751.036500583334,0.00026939177369933454
11780.265247783334,0.0024873335384967277
11775.813272983334,-0.0003779180439793528
11773.567522983334,-0.00019070869654091993
11773.643809383335,6.4794634124787365e-06
11741.444591383335,-0.0027348557949695707
11758.072815383335,0.001416199162767695
11767.920947383334,0.0008375634472270743
11762.724627383335,-0.00044156652846605304
11781.172945383334,0.0015683711541671919
11763.002132983334,-0.0015423602118599389
11751.445848983334,-0.0009824264137126004
11730.403240583335,-0.001790639949365902
11729.283267783334,-9.547606992110769e-05
11728.467334983334,-6.956373900879331e-05
11711.050541783334,-0.0014850016376862785
11706.251961383334,-0.00040974807365734556
11705.706624183334,-4.658512406863213e-05
11709.640901783334,0.00033609911185306096
11716.399434583334,0.0005771767773827818
11712.853222583335,-0.00030267080085477627
11723.128945383334,0.0008773031305631118
11706.978064183335,-0.001377693726243634
11708.608271383335,0.00013925089729061035
11714.749050183334,0.0005244670124466833
11704.946524183335,-0.0008367679032651454
11707.751707783334,0.00023965795949631996
11717.987905383334,0.0008743094195613477
11693.371721383335,-0.0021007176486920187
11697.373440583335,0.00034222115702364775
11703.789513783335,0.0005485054600153916
11707.889907783334,0.00035034755154894626
11741.354484983334,0.0028582927806446445
11732.271980983334,-0.0007735482317322573
11731.111100983335,-9.894758678297144e-05
11717.731958983335,-0.0011404837857923456
11706.885470183335,-0.0009256474578840379
11718.623072583334,0.001002623834485572
11713.831125783334,-0.00040891722263947106
11715.102289383334,0.00010851817704637945
11676.765332983334,-0.0032724388957954265
11718.277296183334,0.0035550909876336245
11693.657242583335,-0.0021009959892328567
11698.059465383334,0.00037646244529621065
11697.484553383334,-4.9145929006511047e-05
11679.888929383334,-0.00150422288823715
11682.220086983334,0.00019958730892843946
11681.657336583334,-4.817152868297203e-05
11682.460554983334,6.875894206248567e-05
11660.192388983334,-0.0019061195109707496
11673.180148583335,0.0011138546575160113
11693.813684983335,0.0017676019848373858
11698.567488583334,0.0004065229469238929
11693.674655783334,-0.0004182420458551661
11707.615718983334,0.0011921883933299071
11748.070728583334,0.0034554439239413703
11794.669004583335,0.003966461989935555
11790.418458009728,-0.00036037862291471434
11790.418458009728,0.0
11790.418458009728,0.0
11790.418458009728,0.0
11790.418458009728,0.0
11789.534313198315,-7.498841661657263e-05
11777.726967258317,-0.001001510799860883
11784.828307458316,0.0006029465804173739
11785.302306078316,4.022108830392668e-05
11787.488958278316,0.00018554061179010262
11788.086592018317,5.07006829117973e-05
11798.437577678316,0.000878088702453983
11790.956309058316,-0.000634089774238733
11785.932192458316,-0.00042609916179059404
11774.233315218316,-0.0009926136557518728
11782.858400678317,0.0007325390307029167
11781.705176818316,-9.787301355801414e-05
11779.326160658316,-0.00020192460465573436
11784.142170938316,0.00040885278277502657
11788.183925878317,0.00034298253376197074
11783.536090078316,-0.0003942792061292222
11804.159157618316,0.0017501594922226804
11782.230818058317,-0.0018576790830414636
11781.799055038317,-3.664526919122668e-05
11780.694594098317,-9.374297888120608e-05
11778.890174078317,-0.0001531675408090738
11773.536427818317,-0.0004545204328147978
11774.497863658316,8.166075213633661e-05
11772.401250078316,-0.00017806394839747774
11774.354070638316,0.00016588124364069756
11772.286062078316,-0.0001756366886533911
11777.848682578317,0.0004725182917462156
11760.431297078316,-0.0014788257150700757
11761.437464258317,8.555529593978761e-05
11763.799778158316,0.0002008524814400836
11761.319780518315,-0.00021081603621009304
11763.073709798316,0.00014912691030688485
11763.817824278316,6.325850694777202e-05
11762.439215898316,-0.00011719055842185355
11761.501585578317,-7.971393541672533e-05
11770.596446098316,0.0007732737570813608
11760.613870058316,-0.0008480943243371897
11760.760350798317,1.2455195079086323e-05
11759.231230098316,-0.00013001886395014317
11758.427601818315,-6.83402056032012e-05
11758.740337238316,2.659670413351911e-05
11761.094779958315,0.00020022916166828608
11771.833373238316,0.0009130606870288993
11768.215894098315,-0.00030729955354491523
11765.792338578316,-0.00020594077656366228
11765.221774018317,-4.849350928359808e-05
11765.301253738317,6.75547996675796e-06
11762.875970398316,-0.0002061386519304209
11765.315844218316,0.000207421537567809
11760.882450078316,-0.0003768189650581455
11751.869181058317,-0.0007663769328754011
11711.417075258316,-0.003442184828367667
11700.485542078317,-0.0009334082382816966
11701.368842058317,7.549259189487678e-05
11703.096278098315,0.00014762683437430368
11701.13333411538,-0.00016772860243907672
11701.13333411538,0.0
11701.13333411538,0.0
11701.13333411538,0.0
11701.13333411538,0.0
11701.13333411538,0.0
11701.13333411538,0.0
11701.13333411538,0.0
11701.13333411538,0.0
11701.13333411538,0.0
11701.13333411538,0.0
11701.13333411538,0.0
11701.13333411538,0.0
11701.13333411538,0.0
11701.13333411538,0.0
11701.13333411538,0.0
11701.13333411538,0.0
11701.13333411538,0.0
11701.13333411538,0.0
11701.13333411538,0.0
11701.13333411538,0.0
11701.13333411538,0.0
11701.13333411538,0.0
11701.13333411538,0.0
11701.13333411538,0.0
11701.13333411538,0.0
11701.13333411538,0.0
11701.13333411538,0.0
11701.13333411538,0.0
11701.13333411538,0.0
11701.13333411538,0.0
11701.13333411538,0.0
11701.13333411538,0.0
11701.13333411538,0.0
11701.13333411538,0.0
11701.13333411538,0.0
11701.13333411538,0.0
11701.13333411538,0.0
11701.13333411538,0.0
11701.13333411538,0.0
11701.13333411538,0.0
11701.13333411538,0.0
11701.13333411538,0.0
11701.13333411538,0.0
11701.13333411538,0.0
11701.13333411538,0.0
11701.13333411538,0.0
11701.13333411538,0.0
11701.13333411538,0.0
11701.13333411538,0.0
11701.13333411538,0.0
11701.13333411538,0.0
11701.13333411538,0.0
11701.13333411538,0.0
11701.13333411538,0.0
11701.13333411538,0.0
11701.13333411538,0.0
11701.13333411538,0.0
11701.13333411538,0.0
11701.13333411538,0.0
11701.13333411538,0.0
11701.13333411538,0.0
11701.13333411538,0.0
11700.25587677731,-7.498908977576768e-05
11715.334878197309,0.0012887753548986858
11725.47289575731,0.0008653630191031159
11719.38304738731,-0.0005193691055482841
11714.791833267309,-0.00039176244188243725
11718.13356660731,0.0002852575946343805
11726.00055647731,0.000671351783565477
11725.09589419731,-7.715011402587013e-05
11728.014296517309,0.00024890221336648644
11741.836390297309,0.0011785536264314889
11733.351379577309,-0.0007226306378286251
11729.376064347309,-0.0003388047541914574
11735.481827417309,0.0005205530998839691
11734.59431764731,-7.562618928225184e-05
11735.19925307731,5.155145662683047e-05
11741.44188256731,0.0005319576903104473
11745.43116736731,0.00033976106511435233
11764.464618077309,0.0016204982549197222
11775.08396689731,0.0009026631610318248
11772.049033607309,-0.0002577419658774671
11770.88425439731,-9.894447488911773e-05
11760.25323479731,-0.0009031623597886007
11744.130936377309,-0.001370914222518338
11784.925794207309,0.0034736378580078053
11754.958590937309,-0.0025428419146033
11762.923190967309,0.0006775523680824236
11762.112955907309,-6.888041746477835e-05
11776.11364798731,0.0011903211720960538
11777.68602034731,0.00013352217947293354
11747.49884055731,-0.0025630824032707444
11776.970919827309,0.0025087960994938374
11774.95399684731,-0.00017125991001676333
11782.36830191731,0.0006296674341135233
11783.554831217309,0.00010070380330984285
11777.66214829731,-0.0005000768447555037
11774.04190770731,-0.0003073819357709562
11784.23032181731,0.0008653285073947359
11784.862842727309,5.367519920485009e-05
11782.55202828731,-0.00019608326977049728
11799.50224476731,0.0014385861771970543
11813.079782657309,0.0011506873432751696
11822.308717187309,0.0007812471175847602
11858.00786490731,0.0030196426581299285
11894.82776116731,0.00310506593345794
11889.33489087731,-0.000461786450404289
11880.67817822731,-0.0007281073945222261
11896.554859777309,0.0013363447197058953
11888.46683240731,-0.0006798629910365062
11889.80914893731,0.00011290913697470373
11844.96311580731,-0.003771804287876823
11849.18917597731,0.0003567812013158811
11873.53230109731,0.002054412733096811
11876.24186718731,0.0002282021913351251
11857.109568507309,-0.0016109724687285443
11863.08164809731,0.0005036707770553761
11847.10717955731,-0.0013465698891621525
11869.79712100731,0.0019152305373884015
11863.045574777309,-0.0005688004741085662
11887.676932797309,0.00207630981982998
11891.087453007309,0.00028689543207471857
11892.98377792731,0.0001594744742643428
11888.26453888731,-0.00039680866703595274
11875.697938107309,-0.0010570593158399921
11886.035950397309,0.0008705182923882671
11867.16465279731,-0.0015876863976141964
11883.431598157309,0.00137075247845031
11868.13421168731,-0.0012872869544157117
11859.34912045731,-0.0007402251333953336
11860.64581484731,0.00010933942300117572
11863.17978874731,0.0002136455248353819
11896.706226257309,0.0028260920012188606
11910.27545313731,0.0011405868668130648
11873.11144569731,-0.0031203314806804716
11896.20314490731,0.001944873449189144
11896.09722373731,-8.903779526003852e-06
11892.97104616731,-0.00026279018330166437
11892.27610426731,-5.8432993513712894e-05
11945.71448392731,0.004493536745318716
11930.84237360731,-0.001244974533755272
11940.46174877731,0.0008062611900128136
11934.89460988731,-0.0004662415078353632
11872.006258197309,-0.00526928420783046
11873.16025077731,9.72028278036774e-05
11853.43238865731,-0.0016615510700875857
11867.203024907309,0.001161742506177177
11878.287613457309,0.0009340523227534536
11871.88901990731,-0.0005386797961306478
11846.27342610731,-0.0021576678957365703
11852.135871097309,0.0004948767244457031
11852.79031892731,5.521771241223661e-05
11850.74421899731,-0.00017262601252066023
11815.160541267309,-0.003002653426015134
11820.988504407309,0.000493261443180959
11824.30017664731,0.00028015188736252306
11822.11119807731,-0.00018512542284099265
11855.04437093731,0.002785726872993388
11860.29834389731,0.0004431845884000918
11858.71447758731,-0.00013354354705719107
11881.20088770731,0.0018961928936309658
11874.806714907309,-0.0005381756322810904
11868.421383607309,-0.000537720861762292
11877.31487162731,0.0007493404331164744
11879.38484360731,0.00017427945645720477
11876.04434807731,-0.00028120105325124545
11868.47231064731,-0.0006375891844178083
11870.69718570731,0.00018746094710131445
11877.59797645731,0.0005813298614263385
11899.71322040731,0.001861928985459338
11916.318441557309,0.0013954303639454047
11948.92801551731,0.002736547711437165
11958.595616481867,0.0008090768437138962
11958.595616481867,0.0
11958.595616481867,0.0
11957.698861308458,-7.498833493235768e-05
11982.898210808456,0.002107374486703062
11983.918291558457,8.512804932947482e-05
11986.853714308458,0.0002449468261200849
11981.064037558457,-0.00048300220291253027
11987.016773308456,0.0004968453328801914
11982.652419808457,-0.00036409004696791314
11988.473602058457,0.0004858008098755917
11983.550206308457,-0.00041067744847478327
11976.804542058457,-0.0005629103340718533
11970.259695308458,-0.0005464601786742129
11980.169137058458,0.0008278384932520755
11982.100712808457,0.00016123109180687933
12015.140843308456,0.0027574572516053664
12045.935305058458,0.002562971350198673
12110.807294058457,0.005385384144704686
12095.161326058456,-0.0012919013258246848
12110.275789058456,0.0012496288881600481
12105.458333558458,-0.0003977989918571012
12119.006780808457,0.0011192015103171915
12180.715954308456,0.005091933243054347
12126.342511808456,-0.004463895447850752
12154.601622558457,0.0023303902823528233
12163.609910808456,0.0007411422052105987
12179.254676308457,0.0012861942807043114
12181.528363308456,0.0001866852332452762
12189.255748558457,0.0006343526870795646
12226.800444058457,0.0030801466696963598
12219.271711808457,-0.0006157565329087955
12238.757021808457,0.0015946375904849486
12218.513295058458,-0.0016540672156434288
12195.796987808457,-0.0018591711365725239
12145.301367308457,-0.004140411696790136
12182.492888558458,0.0030622147713936787
12173.071421308458,-0.000773361194312594
12104.858526558457,-0.005603589463099357
12175.843424308458,0.0058641658301299415
12147.714063308456,-0.0023102597511924783
12127.215887558457,-0.0016874101286193932
12129.541161808456,0.0001917401546702724
12168.261421308456,0.003192227882610865
12200.368411808457,0.0026385848716050653
12201.666991558457,0.00010643774894081304
12195.437921308458,-0.0005105097733210107
12211.198006558458,0.0012922935077601672
12200.014035058457,-0.0009158783187360742
12196.787006058457,-0.00026451026947393874
12217.203411808458,0.0016739167241224262
12197.600136558456,-0.0016045632203400828
12147.265771308457,-0.004126579383360585
12153.269733558456,0.0004942645005907575
12183.626966308457,0.002497865464647475
12175.604247058456,-0.0006584836577963049
12188.535691558456,0.0010620782539909612
12194.119981308457,0.00045815919904712565
12221.291791558457,0.0022282715187031954
12191.541941558457,-0.002434263947494464
12209.400028558457,0.0014647931398346081
12201.886207308457,-0.0006154128157341843
12167.137444558457,-0.002847818948613523
12128.753524308457,-0.0031547206912803105
12149.644917558457,0.0017224682823449022
12122.686671308456,-0.002218850545256723
12127.176806308456,0.0003703910792833831
12096.921665808457,-0.0024948214232566324
12123.289003558457,0.0021796733481813657
12127.472861808457,0.0003451091736550449
12140.971886308456,0.0011130945955368787
12140.978620308457,5.546508190512611e-07
12163.563614558458,0.0018602284837421212
12158.689641558456,-0.0004007027179245837
12133.143611308456,-0.002101051264824072
12135.653830058456,0.00020688939572588438
12126.895661808458,-0.0007216890307389923
12123.191601058457,-0.0003054417926316999
12119.062697058456,-0.000340578961042004
12128.049941558456,0.0007415791736253841
12089.642091558457,-0.0031668611347310804
12061.900055808457,-0.0022946945442967603
12070.265126808457,0.0006935118813202745
12116.217461808457,0.0038070692331304556
12128.363072558457,0.0010024259459096019
12129.805591558457,0.00011893764981896204
12119.622701308457,-0.0008394932773767572
12109.364053558456,-0.0008464494318699556
12095.907477308458,-0.001111253752920649
12118.526261808456,0.0018699534981092558
12091.181171308457,-0.0022564699625380324
12091.493821308457,2.585768880392081e-05
12099.406271308457,0.0006543815112451945
12116.915753558456,0.0014471356575174177
12100.530608808456,-0.0013522537486644337
12156.194454058457,0.004600116065115456
12144.514691808457,-0.0009608074545155443
12166.024891558456,0.001771186440616468
12164.716571558456,-0.00010753882321146158
12157.006261808458,-0.0006338256797553399
12219.206897058457,0.0051164434656421065
12203.595080058458,-0.0012776456877702236
12191.789897058457,-0.0009673528925333574
12177.396332808457,-0.0011805948405879674
12184.374921308457,0.0005730772251535399
12193.280395808457,0.0007308930131839642
12183.866023308457,-0.0007720951371901208
12195.034362308457,0.0009166498530626122
12182.551931308457,-0.0010235666935536347
12173.581642058456,-0.0007363226769383502
12181.996135808457,0.0006912093743167702
12172.229911808457,-0.0008016932439579572
12174.957662808458,0.00022409624364350123
12174.942992308457,-1.2049733894015091e-06
12187.500339058457,0.0010314090799383724
12208.278817558457,0.0017049007525693494
12215.134991558458,0.0005616003781090395
12211.419988058457,-0.00030413118664418537
12194.062381558457,-0.0014214240863857919
12193.519573058456,-4.4514164600384376e-05
12197.580175058458,0.0003330131202621267
12196.279791558456,-0.00010660995716682553
12169.515027558456,-0.0021945022955708327
12180.935771308457,0.0009384715598064197
12163.006736808456,-0.0014718930332291436
12154.240271308458,-0.000720748223666523
12156.455997808456,0.0001823006992243137
12161.850653308456,0.00044376876788532194
12159.775859808457,-0.00017059850175316082
12143.794514558456,-0.0013142795915197514
12141.378090808457,-0.00019898424228947942
12140.122921308457,-0.00010337949206529196
12131.387600558457,-0.000719541375867605
12132.811961808457,0.00011741123908470819
12120.161661808457,-0.0010426519457995553
12085.088224058458,-0.0028938094002919357
12103.278561808456,0.001505188660003709
12091.962796308457,-0.0009349339059010475
12102.081593308458,0.0008368200572936857
12086.706067558456,-0.001270486042541874
12092.326438000371,0.0004650043122169656
12092.326438000371,0.0
12092.326438000371,0.0
12092.326438000371,0.0
12092.326438000371,0.0
12092.326438000371,0.0
12092.326438000371,0.0
12092.326438000371,0.0
12092.326438000371,0.0
12092.326438000371,0.0
12092.326438000371,0.0
12092.326438000371,0.0
12092.326438000371,0.0
12092.326438000371,0.0
12092.326438000371,0.0
12092.326438000371,0.0
12092.326438000371,0.0
12092.326438000371,0.0
12092.326438000371,0.0
12092.326438000371,0.0
12092.326438000371,0.0
12092.326438000371,0.0
12092.326438000371,0.0
12092.326438000371,0.0
12092.326438000371,0.0
12091.419632216499,-7.499018394196977e-05
12095.338626016499,0.00032411362099771246
12114.8253477765,0.0016110935264008752
12114.719134216499,-8.767238235063424e-06
12117.9857789365,0.00026964262925210924
12104.4415625765,-0.0011176953502901599
12098.9257602165,-0.00045568416613728235
12084.5051202165,-0.0011918942462989524
12091.216449096499,0.0005553664641815281
12055.5744507365,-0.0029477595170056548
12048.176107776499,-0.000613686472613395
12024.724172216498,-0.0019465133436141757
11986.433767856499,-0.003184306251986291
12004.17480639957,0.001480093152530948
12004.17480639957,0.0
12004.17480639957,0.0
12004.17480639957,0.0
12004.17480639957,0.0
12004.17480639957,0.0
12004.17480639957,0.0
12004.17480639957,0.0
12004.17480639957,0.0
12004.17480639957,0.0
12004.17480639957,0.0
12004.17480639957,0.0
12004.17480639957,0.0
12004.17480639957,0.0
12004.17480639957,0.0
12004.17480639957,0.0
12004.17480639957,0.0
12004.17480639957,0.0
12004.17480639957,0.0
12004.17480639957,0.0
12004.17480639957,0.0
12004.17480639957,0.0
12004.17480639957,0.0
12004.17480639957,0.0
12004.17480639957,0.0
12004.17480639957,0.0
12004.17480639957,0.0
12004.17480639957,0.0
12004.17480639957,0.0
12004.17480639957,0.0
12004.17480639957,0.0
12004.17480639957,0.0
12004.17480639957,0.0
12004.17480639957,0.0
12004.17480639957,0.0
12004.17480639957,0.0
12004.17480639957,0.0
12004.17480639957,0.0
12004.17480639957,0.0
12004.17480639957,0.0
12004.17480639957,0.0
12004.17480639957,0.0
12004.17480639957,0.0
12004.17480639957,0.0
12004.17480639957,0.0
12004.17480639957,0.0
12004.17480639957,0.0
12004.17480639957,0.0
12004.17480639957,0.0
12004.17480639957,0.0
12004.17480639957,0.0
12004.17480639957,0.0
12004.17480639957,0.0
12004.17480639957,0.0
12004.17480639957,0.0
12004.17480639957,0.0
12004.17480639957,0.0
12004.17480639957,0.0
12004.17480639957,0.0
12004.17480639957,0.0
12004.17480639957,0.0
12004.17480639957,0.0
12004.17480639957,0.0
12004.17480639957,0.0
12004.17480639957,0.0
12004.17480639957,0.0
12004.17480639957,0.0
12004.17480639957,0.0
12004.17480639957,0.0
12004.17480639957,0.0
12004.17480639957,0.0
12004.17480639957,0.0
12004.17480639957,0.0
12004.17480639957,0.0
12004.17480639957,0.0
12004.17480639957,0.0
12003.27461254494,-7.499006546873854e-05
12003.706456544938,3.597718238879111e-05
11996.963012144939,-0.0005617801821805601
12010.582837664939,0.0011352727774698312
11997.227282864938,-0.0011119822393729217
12000.739287584938,0.00029273469920965134
12009.010569344939,0.0006892310183388428
12026.288870384938,0.001438778069202895
12050.990436224938,0.002053964120288798
12047.502917504939,-0.00028939685401430104
12029.225409584938,-0.0015171200243864202
12022.137825584938,-0.0005891970395993651
12021.05803750494,-8.98166445655324e-05
12015.726767504939,-0.00044349424013823135
12007.481841584939,-0.0006861778800012486
12021.033729584939,0.001128620320129503
12076.238351504939,0.004592335664455938
12077.771184845426,0.00012692970243466384
12076.865504570967,-7.498736816557994e-05
12078.188332090967,0.00010953401108082517
12107.318859040968,0.00241182917082039
12172.623843260968,0.005393843590006275
12167.133257040969,-0.0004510602061394975
12186.249802950968,0.001571162697584283
12162.191429660968,-0.0019742228888310898
12191.431850380968,0.002404206584735169
12187.920062030968,-0.0002880538064026217
12182.153755260968,-0.00047311655644699524
12186.950977270968,0.0003937909590023825
12201.519672460969,0.001195433970085924
12217.106521990969,0.0012774514936184644
12248.903609830968,0.0026026692803868823
12253.438838150967,0.00037025585835781527
12243.817413750969,-0.000785201976937433
12245.613265710968,0.00014667418659675135
12207.035819040968,-0.0031503074474857895
12198.792997390969,-0.0006752516968240307
12229.543924940968,0.002520817228112371
12227.815208370968,-0.00014135576768925517
12242.141790150969,0.0011716387217066693
12233.842483260967,-0.0006779293225208649
12239.973735170968,0.0005011713955276331
12229.366501330967,-0.0008666059314752506
12229.438054560967,5.850935123508094e-06
12251.035217630968,0.001765997993828261
12238.083925220968,-0.00105715902206871
12260.135336910967,0.0018018679905074109
12260.854419260968,5.865207277411244e-05
12270.933405660968,0.0008220460055512469
12240.693921980968,-0.0024643181313370732
12235.302027150969,-0.00044048931084839094
12271.054975150968,0.0029221140533075562
12262.213693960968,-0.0007204988656560607
12273.415758400968,0.0009135434041176449
12273.382230150968,-2.731778231956916e-06
12297.396267260969,0.001956594902667197
12309.976618890967,0.0010230093717880084
12310.568925010968,4.811594191744817e-05
12263.789285040968,-0.0037999576018749037
12242.156463690968,-0.0017639589891182972
12244.866966310969,0.00022140728457764602
12240.816359260967,-0.00033080041303390484
12224.204334180968,-0.0013571010782652548
12221.799766980968,-0.00019670541609617676
12251.636832770968,0.0024412988560498228
12257.679964550967,0.0004932509722974654
12228.979782550969,-0.0023414040897624666
12217.204897820968,-0.0009628672987751496
12225.101550150968,0.0006463550702509036
12212.780509950968,-0.001007847677130247
12205.316332600967,-0.0006111775564884292
12211.500914150967,0.0005067121065498448
12219.514481460968,0.0006562311517919195
12238.392858460968,0.0015449367508537648
12247.775956170968,0.0007666936188859275
12248.141374650968,2.983549677160191e-05
12249.270369440968,9.217682548445794e-05
12279.816498550968,0.002493710089558121
12238.154768440967,-0.0033926997292603733
12223.213002440967,-0.0012209165746563944
12203.426443760967,-0.00161876903200886
12220.574131940968,0.0014051535656010028
12219.579171260968,-8.141685237195162e-05
12219.145828490968,-3.546298640300094e-05
12219.075143050968,-5.784810247155825e-06
12235.048474690968,0.001307245552793157
12266.103444300968,0.0025381975130085443
12262.079659850968,-0.00032804096820737705
12294.347089870967,0.002631481030550775
12298.123948620967,0.0003072028731896381
12272.684605880968,-0.0020685547524386116
12280.009069040967,0.0005968101841784534
12310.648446130968,0.0024950614382888148
12291.421690890968,-0.001561798740670195
12293.028522410968,0.00013072788164048
12300.603224650968,0.0006161786923530865
12299.627749800968,-7.93030091439384e-05
12282.849030150968,-0.0013641648341975454
12278.611296020968,-0.0003450123110361192
12272.715767430967,-0.0004801462028455328
12291.631380510968,0.001541273621784578
12299.439123810967,0.0006352080580922514
12281.346648990968,-0.0014709999893388614
12267.194493000969,-0.001152329332806734
12244.039804660968,-0.0018875292433988555
12272.660544430968,0.002337524234371058
12244.533182720968,-0.0022918715634779874
12235.455310420968,-0.0007413816569838971
12234.997117300967,-3.7447982798921586e-05
12234.621995350968,-3.06597497655714e-05
12234.132404010968,-4.001687507682039e-05
12234.274484900969,1.1613483106742706e-05
12241.911589130968,0.0006242384245527255
12228.874069950967,-0.0010649904702445534
12245.376201260968,0.001349439957890386
12235.421466610967,-0.0008129382459458601
12242.461136870968,0.0005753516770314882
12243.006897890968,4.4579354910645463e-05
12231.555698830967,-0.000935325705156087
12228.888270150968,-0.0002180776301622389
12228.034207010967,-6.983980237074139e-05
12235.707285080967,0.000627498904574697
12248.807995150968,0.0010706949557361956
12232.059490370968,-0.0013673579328397079
12234.970768040968,0.0002380038841613974
12232.659212150968,-0.00018893023398458553
12195.540520470968,-0.00303439268896899
12172.879525750968,-0.0018581377907737062
12137.928810160967,-0.002871195391038306
12141.545837770967,0.00029799380656880814
12138.716526810967,-0.0002330272436313896
12152.242927320967,0.001114318839238404
12215.860707953983,0.005235064918755805
12215.860707953983,0.0
12215.860707953983,0.0
12215.860707953983,0.0
12215.860707953983,0.0
12215.860707953983,0.0
12215.860707953983,0.0
12215.860707953983,0.0
12215.860707953983,0.0
12215.860707953983,0.0
12215.860707953983,0.0
12215.860707953983,0.0
12215.860707953983,0.0
12215.860707953983,0.0
12215.860707953983,0.0
12215.860707953983,0.0
12215.860707953983,0.0
12215.860707953983,0.0
12215.860707953983,0.0
12215.860707953983,0.0
12215.860707953983,0.0
12215.860707953983,0.0
12215.860707953983,0.0
12215.860707953983,0.0
12215.860707953983,0.0
12215.860707953983,0.0
12215.860707953983,0.0
12215.860707953983,0.0
12215.860707953983,0.0
12215.860707953983,0.0
12215.860707953983,0.0
12215.860707953983,0.0
12215.860707953983,0.0
12215.860707953983,0.0
12215.860707953983,0.0
12215.860707953983,0.0
12215.860707953983,0.0
12215.860707953983,0.0
12215.860707953983,0.0
12215.860707953983,0.0
12215.860707953983,0.0
12215.860707953983,0.0
12215.860707953983,0.0
12215.860707953983,0.0
12215.860707953983,0.0
12215.860707953983,0.0
12215.860707953983,0.0
12215.860707953983,0.0
12215.860707953983,0.0
12215.860707953983,0.0
12215.860707953983,0.0
12215.860707953983,0.0
12215.860707953983,0.0
12215.860707953983,0.0
12215.860707953983,0.0
12215.860707953983,0.0
12215.860707953983,0.0
12215.860707953983,0.0
12215.860707953983,0.0
12215.860707953983,0.0
12215.860707953983,0.0
12214.94467390734,-7.498727011900908e-05
12208.450107187338,-0.0005316902281083946
12198.502088387339,-0.0008148469881645859
12201.37572244734,0.0002355726989411444
12214.609964787338,0.00108465165248961
12215.847985267339,0.00010135571119906928
12255.110146367339,0.003214034846156455
12253.285313757338,-0.00014890381140642006
12264.86365329734,0.0009449171584212657
12260.506322767338,-0.0003552693819657282
12252.146912087339,-0.0006818161061159511
12260.41634448734,0.000674937417852961
12256.661578587338,-0.0003062510924997097
12258.273941477339,0.00013154992325303816
12256.384838667338,-0.00015410838581508823
12254.25982641734,-0.0001733800201259017
12275.227097027338,0.0017110189360274308
12269.67894050734,-0.000451979949221637
12277.72059175734,0.000655408449478756
12295.325585757339,0.001433897592670208
12308.256623977339,0.001051703603113907
12280.671413067339,-0.002241195626053294
12283.466599677338,0.000227608614869812
12291.29420595734,0.0006372473288775993
12294.007416557339,0.00022074246654057994
12290.878213937338,-0.0002545307249275375
12283.59180054734,-0.0005928309810877552
12269.779819517338,-0.0011244252702524715
12259.671314247338,-0.0008238538440535903
12263.492240647338,0.0003116663001854203
12270.11490669734,0.0005400310058540914
12271.469999757339,0.00011043849795244753
12268.438588657338,-0.00024702917417884773
12264.153719627338,-0.00034925952467668164
12244.064997447338,-0.0016380031300367026
12261.580265207338,0.0014305108445318293
12269.542901917339,0.0006493972667287462
12270.68873876734,9.338871538733251e-05
12299.226093787338,0.0023256522618684272
12299.29773615734,5.824949428134829e-06
12289.031705887339,-0.0008346842632991347
12270.296375497339,-0.0015245570878480441
12272.784388357339,0.000202767136494586
12268.676451407338,-0.00033471923077998955
12269.806661777338,9.212162163341198e-05
12277.371138297338,0.0006165114682339379
12263.235726937339,-0.001151338605046015
12265.350405547339,0.0001724405089396086
12263.912580357339,-0.00011722658892399096
12255.33943975734,-0.0006990542817250089
12247.916987777338,-0.0006056504608857871
12240.632149637338,-0.0005947818022664642
12268.167897697338,0.002249536439244748
12272.887787767339,0.00038472656303367714
12280.811799347339,0.0006456517583333099
12278.332229827338,-0.00020190599453151492
12278.965669357338,5.159003015586805e-05
12280.535878557339,0.00012787796971536203
12287.215820697338,0.0005439454927747001
12279.58890126734,-0.0006207199044352407
12270.355667907339,-0.0007519171394286817
12290.320134367339,0.001627048718091828
12294.952503547338,0.0003769120030523432
12284.867501007338,-0.0008202555103071774
12286.215158887338,0.00010970064430004811
12292.552200607339,0.0005157846934997767
12286.623589707338,-0.00048229292040002925
12290.782501747339,0.0003384910435022537
12305.344175757338,0.0011847637860264992
12335.437814767338,0.0024455747503013825
12343.890148019742,0.0006852073983369955
12343.890148019742,0.0
12343.890148019742,0.0
12343.890148019742,0.0
12342.96443760216,-7.499341021999228e-05
12347.534626862162,0.0003702667445171226
12350.40104093216,0.00023214464722065564
12343.83804085216,-0.0005313997544086346
12343.39356409216,-3.60079870238561e-05
12340.38176777216,-0.00024400067164365158
12340.985510132161,4.8924123366989036e-05
12354.47101047216,0.001092740958890781
12348.19243570216,-0.0005082026389213734
12346.01825070216,-0.00017607313874645758
12342.21117418216,-0.00030836472477935306
12343.812631702162,0.00012975450649799214
12351.647870542161,0.0006347503055803561
12344.558298572161,-0.000573977824198546
12343.97383573216,-4.7345787987262966e-05
12343.395135792161,-4.688117033457839e-05
12332.51781921216,-0.0008812256644413763
12319.59765936216,-0.001047649801881767
12315.660131742161,-0.0003196149524418157
12324.36970729216,0.0007071951853845349
12328.803106262161,0.00035972622335211923
12323.95556434216,-0.0003931883637218192
12328.47430662216,0.0003666633051706558
12341.46566448216,0.0010537684985905127
12337.28876695216,-0.0003384442045665237
12336.17553184216,-9.023336739777399e-05
12351.011122482161,0.0012026085881891024
12347.82575809216,-0.00025790312699203177
12355.41224921216,0.0006143989450959619
12372.03219086216,0.0013451547641447625
12345.77778060216,-0.0021220774287502575
12340.784804042161,-0.0004044278658444922
12340.987081832161,1.6390998887949593e-05
12341.114651482161,1.033707021602659e-05
12334.94331904216,-0.0005000628074758318
12317.371136752161,-0.00142458557250702
12324.696830452162,0.0005947449028422813
12315.417304092161,-0.0007529212675699837
12338.657455702161,0.0018870778826372003
12330.80974804216,-0.0006360260577924493
12320.62272210216,-0.0008261441177144224
12302.906467312161,-0.0014379350126692003
12311.557313672161,0.0007031546881206552
12308.93147448216,-0.00021328245672747048
12315.76779319216,0.0005553949767429511
12293.81900269216,-0.0017821698872995118
12296.118556962161,0.00018704962790638824
12293.13243174216,-0.000242851043292025
12298.32464747216,0.0004223671841843135
12308.81621648216,0.0008530892874223373
12311.25601878216,0.0001982158362825448
12306.148832022162,-0.0004148388070401854
12305.77749170216,-3.0175185191660958e-05
12303.304578922161,-0.00020095542777898157
12308.27832835216,0.00040426126152470765
12313.13954406216,0.0003949549709809652
12310.42134130216,-0.0002207562701838084
12323.06624409216,0.0010271705930628983
12331.04361700216,0.0006473529194752636
12333.907935472162,0.00023228516247009168
12333.325725402161,-4.7204022686653246e-05
12329.918908482161,-0.00027622856931308615
12330.346934782161,3.4714445664718596e-05
12337.88716553216,0.0006115181340704545
12336.09872810216,-0.00014495491861810095
12339.37802776216,0.0002658295569999414
12331.82784291216,-0.0006118772626151348
12332.10681966216,2.262249794227067e-05
12329.731771402161,-0.00019259063311161118
12316.20834070216,-0.0010968146712946325
12312.79151729216,-0.00027742494406401974
12319.645177092161,0.0005566292412548801
12297.05193720216,-0.0018339196921037804
12300.45189103216,0.00027648527853352256
12300.41202224216,-3.241245960183825e-06
12313.656738142161,0.0010767701013634223
12324.91016253216,0.0009138978476752602
12323.532148362161,-0.00011180723849724128
12347.34895670216,0.0019326284098803992
12357.48306874216,0.0008207520558085601
12366.403252092161,0.0007218446750345553
12367.23625309216,6.736000622153959e-05
12372.953626182161,0.00046229998141833484
12378.136592558616,0.00041889483570733965
12377.208450212276,-7.498239653436212e-05
12387.267059112277,0.0008126718508831843
12378.887986312277,-0.0006764262657787956
12333.577472112276,-0.003660305695479371
12322.718222312276,-0.0008804622847307098
12344.713033512277,0.001784899305753429
12345.769339112276,8.556744876386801e-05
12334.870528832276,-0.0008827971737226381
12323.324272552276,-0.0009360662726869418
12310.227510552277,-0.0010627621013893362
12301.241775752276,-0.000729940595516898
12305.082252092276,0.0003122023296517895
12312.513963552276,0.0006039546349831948
12322.145665932276,0.0007822693568926287
12310.754592772277,-0.0009244390927378721
12307.031880232276,-0.00030239515473617917
12319.831632752275,0.0010400357002859906
12324.556000332275,0.00038347663513849106
12327.825755572276,0.00026530410019742767
12342.676892312276,0.0012046841863648794
12340.373870812276,-0.0001865901149397109
12334.209369212276,-0.0004995392898573536
12319.541607532276,-0.0011891935057153358
12310.883113352276,-0.0007028260024468658
12317.434706092276,0.0005321789411592004
12319.933184912275,0.00020284084142652148
12322.189457752276,0.00018314002244457228
12302.013409032275,-0.0016373753048657402
12302.013409032275,0.0
